brand,name,link
safari trolley bag,/dp/B0C1K7SD4W,https://www.amazon.in/dp/B0C1K7SD4W
safari trolley bag,/dp/B0C1K4F8NN,https://www.amazon.in/dp/B0C1K4F8NN
safari trolley bag,/dp/B0C1K6D51D,https://www.amazon.in/dp/B0C1K6D51D
safari trolley bag,/dp/B0F67J5S83,https://www.amazon.in/dp/B0F67J5S83
safari trolley bag,/dp/B0F67K269V,https://www.amazon.in/dp/B0F67K269V
safari trolley bag,/dp/B0FLYJQLQQ,https://www.amazon.in/dp/B0FLYJQLQQ
safari trolley bag,/dp/B0FLYHVT6Y,https://www.amazon.in/dp/B0FLYHVT6Y
safari trolley bag,/dp/B0F67G65DQ,https://www.amazon.in/dp/B0F67G65DQ
safari trolley bag,/dp/B0F67H72LS,https://www.amazon.in/dp/B0F67H72LS
safari trolley bag,/dp/B0FLYFYT23,https://www.amazon.in/dp/B0FLYFYT23
safari trolley bag,/dp/B0F67G7R9M,https://www.amazon.in/dp/B0F67G7R9M
safari trolley bag,/dp/B0FLYGLKYQ,https://www.amazon.in/dp/B0FLYGLKYQ
skybags trolley bag,/dp/B0C8ZY4579,https://www.amazon.in/dp/B0C8ZY4579
skybags trolley bag,/dp/B0FPRF16FT,https://www.amazon.in/dp/B0FPRF16FT
skybags trolley bag,/dp/B0FPRB7FBJ,https://www.amazon.in/dp/B0FPRB7FBJ
skybags trolley bag,/dp/B0FPRDV92Q,https://www.amazon.in/dp/B0FPRDV92Q
skybags trolley bag,/dp/B0C8ZFXCB6,https://www.amazon.in/dp/B0C8ZFXCB6
skybags trolley bag,/dp/B07R5PKDLQ,https://www.amazon.in/dp/B07R5PKDLQ
skybags trolley bag,/dp/B0D9P1LQ13,https://www.amazon.in/dp/B0D9P1LQ13
skybags trolley bag,/dp/B0D9NZVJQ4,https://www.amazon.in/dp/B0D9NZVJQ4
skybags trolley bag,/dp/B0CPSSB4BN,https://www.amazon.in/dp/B0CPSSB4BN
skybags trolley bag,/dp/B0CPSW5WJ5,https://www.amazon.in/dp/B0CPSW5WJ5
skybags trolley bag,/dp/B0G6DKGRC7,https://www.amazon.in/dp/B0G6DKGRC7
skybags trolley bag,/dp/B071NZG9D6,https://www.amazon.in/dp/B071NZG9D6
vip luggage bag,/dp/B09NXV58V3,https://www.amazon.in/dp/B09NXV58V3
vip luggage bag,/dp/B09NXTPMS9,https://www.amazon.in/dp/B09NXTPMS9
vip luggage bag,/dp/B07YZK5NLJ,https://www.amazon.in/dp/B07YZK5NLJ
vip luggage bag,/dp/B07YZF923N,https://www.amazon.in/dp/B07YZF923N
vip luggage bag,/dp/B0FC6P433Z,https://www.amazon.in/dp/B0FC6P433Z
vip luggage bag,/dp/B089WD7QTB,https://www.amazon.in/dp/B089WD7QTB
vip luggage bag,/dp/B0FC6L8H6G,https://www.amazon.in/dp/B0FC6L8H6G
vip luggage bag,/dp/B089WDDVQL,https://www.amazon.in/dp/B089WDDVQL
vip luggage bag,/dp/B0FC6PD74R,https://www.amazon.in/dp/B0FC6PD74R
vip luggage bag,/dp/B0FMF4NSXP,https://www.amazon.in/dp/B0FMF4NSXP
vip luggage bag,/dp/B085SV66JB,https://www.amazon.in/dp/B085SV66JB
vip luggage bag,/dp/B0FMF3PRSZ,https://www.amazon.in/dp/B0FMF3PRSZ
american tourister luggage,/dp/B0F5HKFPWR,https://www.amazon.in/dp/B0F5HKFPWR
american tourister luggage,/dp/B0F5HNT2J6,https://www.amazon.in/dp/B0F5HNT2J6
american tourister luggage,/dp/B0F5HN795M,https://www.amazon.in/dp/B0F5HN795M
american tourister luggage,/dp/B08WHBQ9WJ,https://www.amazon.in/dp/B08WHBQ9WJ
american tourister luggage,/dp/B08TWZH52B,https://www.amazon.in/dp/B08TWZH52B
american tourister luggage,/dp/B0F5HK5FXY,https://www.amazon.in/dp/B0F5HK5FXY
american tourister luggage,/dp/B0F5HM58RR,https://www.amazon.in/dp/B0F5HM58RR
american tourister luggage,/dp/B0C4PS423C,https://www.amazon.in/dp/B0C4PS423C
american tourister luggage,/dp/B0F5HLTS84,https://www.amazon.in/dp/B0F5HLTS84
american tourister luggage,/dp/B0FGNDM616,https://www.amazon.in/dp/B0FGNDM616
american tourister luggage,/dp/B0C4PRY7Z2,https://www.amazon.in/dp/B0C4PRY7Z2
american tourister luggage,/dp/B0F5HL713C,https://www.amazon.in/dp/B0F5HL713C
aristocrat luggage,/dp/B0BRN1XLSS,https://www.amazon.in/dp/B0BRN1XLSS
aristocrat luggage,/dp/B0BRN29XCD,https://www.amazon.in/dp/B0BRN29XCD
aristocrat luggage,/dp/B0BRN2Z9CG,https://www.amazon.in/dp/B0BRN2Z9CG
aristocrat luggage,/dp/B0FMF3SLPK,https://www.amazon.in/dp/B0FMF3SLPK
aristocrat luggage,/dp/B085SV66JB,https://www.amazon.in/dp/B085SV66JB
aristocrat luggage,/dp/B0FMF3V9TC,https://www.amazon.in/dp/B0FMF3V9TC
aristocrat luggage,/dp/B0FMF1MZTP,https://www.amazon.in/dp/B0FMF1MZTP
aristocrat luggage,/dp/B0FC6P7WBL,https://www.amazon.in/dp/B0FC6P7WBL
aristocrat luggage,/dp/B089WD7QTB,https://www.amazon.in/dp/B089WD7QTB
aristocrat luggage,/dp/B0FC6NNC9N,https://www.amazon.in/dp/B0FC6NNC9N
aristocrat luggage,/dp/B06Y2C34LT,https://www.amazon.in/dp/B06Y2C34LT
aristocrat luggage,/dp/B0FC6PGW54,https://www.amazon.in/dp/B0FC6PGW54
nasher miles luggage,/dp/B0GCZJR5ZY,https://www.amazon.in/dp/B0GCZJR5ZY
nasher miles luggage,/dp/B0CVS383MK,https://www.amazon.in/dp/B0CVS383MK
nasher miles luggage,/dp/B0CVSGRTTY,https://www.amazon.in/dp/B0CVSGRTTY
nasher miles luggage,/dp/B0GCZGLLK5,https://www.amazon.in/dp/B0GCZGLLK5
nasher miles luggage,/dp/B09G7412SM,https://www.amazon.in/dp/B09G7412SM
nasher miles luggage,/dp/B09G71JXVS,https://www.amazon.in/dp/B09G71JXVS
nasher miles luggage,/dp/B0D766WDBV,https://www.amazon.in/dp/B0D766WDBV
nasher miles luggage,/dp/B0D767DPX7,https://www.amazon.in/dp/B0D767DPX7
nasher miles luggage,/dp/B0D766VXWZ,https://www.amazon.in/dp/B0D766VXWZ
nasher miles luggage,/dp/B0D7654BDH,https://www.amazon.in/dp/B0D7654BDH
nasher miles luggage,/dp/B0D7665RM5,https://www.amazon.in/dp/B0D7665RM5
nasher miles luggage,/dp/B0D766MGHX,https://www.amazon.in/dp/B0D766MGHX
